Mã cửa hàng,Link ảnh
@000399,https://media.foody.vn/res/g19/188168/prof/s480x300/foody-mobile-viahe-jpg-614-636131809195259074.jpg
@000400,https://media.foody.vn/res/g17/164476/prof/s480x300/foody-mobile-bit-tet-jpg-580-635768904065227896.jpg
@000401,https://media.foody.vn/res/g3/29272/prof/s480x300/foody-mobile-pho-jpg-932-635917368774327730.jpg
@000402,https://media.foody.vn/res/g2/14206/prof/s480x300/foody-mobile-bcga1-jpg-130-635751428467171802.jpg
@000403,https://media.foody.vn/res/g14/132121/prof/s480x300/foody-mobile-noori-mb-jpg-194-635791163816166072.jpg
@000404,https://media.foody.vn/res/g26/251060/prof/s480x300/foody-mobile-23-jpg-972-636029036707911735.jpg
@000405,https://media.foody.vn/res/g12/113517/prof/s480x300/foody-mobile-kim-chi-quan-jpg-877-635872876204794540.jpg
@000406,https://media.foody.vn/res/g4/36239/prof/s480x300/foody-mobile-cuon-jpg-780-635785285132593464.jpg
@000407,https://media.foody.vn/res/g19/180885/prof/s480x300/foody-mobile-foody-mobile-kf-jpg--413-635817338439292397.jpg
@000408,https://media.foody.vn/res/g12/110121/prof/s480x300/foody-mobile-ng-k-jpg-694-636252747139918381.jpg
@000409,https://media.foody.vn/res/g2/17213/prof/s480x300/foody-mobile-pho-vui-jpg-327-636179143295523368.jpg
@000410,https://media.foody.vn/res/g1/6983/prof/s480x300/foody-mobile-banh-cuon-jpg-773-635787058933084980.jpg
@000411,https://media.foody.vn/res/g20/192928/prof/s480x300/foody-mobile-bun-dau-jpg-804-636143752060692497.jpg
@000412,https://media.foody.vn/res/g30/291742/prof/s480x300/foody-mobile-2-jpg-589-636138546212246558.jpg
@000413,
@000414,https://media.foody.vn/res/g11/109338/prof/s480x300/foody-mobile-pho-cuon2-jpg-934-635550098425249236.jpg
@000415,https://media.foody.vn/res/g2/18527/prof/s480x300/foody-mobile-7-jpg-991-635818158183916202.jpg
@000416,https://media.foody.vn/res/g21/206796/prof/s480x300/foody-mobile-12346469_10153770579-151-635889861836989000.jpg
@000417,https://media.foody.vn/res/g27/265053/prof/s480x300/foody-mobile-quynh-jpg-317-636101413712648933.jpg
@000418,https://media.foody.vn/res/g29/285220/prof/s480x300/foody-mobile-anna-jpg-613-636123875018234260.jpg
@000419,https://media.foody.vn/res/g12/113124/prof/s480x300/foody-mobile-choen-jpg-512-635762925126871191.jpg
@000420,https://media.foody.vn/res/g26/256725/prof/s480x300/foody-mobile-3-jpg-405-636041757265187097.jpg
@000421,
@000422,https://media.foody.vn/res/g14/130237/prof/s480x300/foody-mobile-banh-canh-quang-binh-183-635848649859166216.jpg
@000423,https://media.foody.vn/res/g2/17739/prof/s480x300/foody-mobile-hmb-f-jpg-872-635781002118820217.jpg
@000424,https://media.foody.vn/res/g2/17608/prof/s480x300/foody-mobile-f2-jpg-639-635773930597192191.jpg
@000425,https://media.foody.vn/res/g11/104041/prof/s480x300/foody-mobile-lau-met2-jpg-345-635531169476051149.jpg
@000426,https://media.foody.vn/res/g4/32746/prof/s480x300/foody-mobile-caramen-thap-cam-ha-noi.jpg
@000427,https://media.foody.vn/res/g17/163349/prof/s480x300/foody-mobile-chao-jpg-546-636202709603592453.jpg
@000428,https://media.foody.vn/res/g2/16638/prof/s480x300/foody-mobile-banh-da-tron-hang-chinh-ha-noi.jpg
@000429,https://media.foody.vn/res/g2/17419/prof/s480x300/foody-mobile-banh-xeo-hang-bo-mb--710-635791403839435651.jpg
@000430,https://media.foody.vn/res/g21/206658/prof/s480x300/foody-mobile-buncha-jpg-826-636222492785316714.jpg
@000431,https://media.foody.vn/res/g16/158760/prof/s480x300/foody-mobile-hanquoc2-jpg-401-635748016780451234.jpg
@000432,https://media.foody.vn/res/g7/68338/prof/s480x300/foody-mobile-mi-quang-quang-trung-ha-noi-140331102055.jpg
@000433,https://media.foody.vn/res/g13/124528/prof/s480x300/foody-mobile-pho-ga-jpg-519-635894237211109946.jpg
@000434,https://media.foody.vn/res/g9/88855/prof/s480x300/foody-mobile-lau-coc-mb-jpg-287-635803431922048021.jpg
@000435,https://media.foody.vn/res/g11/105604/prof/s480x300/foody-mobile-nuong-lau-jpg-486-636147193333832412.jpg
@000436,https://media.foody.vn/res/g3/22707/prof/s480x300/foody-mobile-pho2-jpg-693-635781651742649221.jpg
@000437,https://media.foody.vn/res/g2/10903/prof/s480x300/foody-mobile-com3-jpg-445-635754877681184072.jpg
@000438,https://media.foody.vn/res/g18/177840/prof/s480x300/foody-mobile-11-jpg-855-635808453613626477.jpg
@000439,https://media.foody.vn/res/g8/73006/prof/s480x300/foody-mobile-mi2-jpg-753-635736927650739891.jpg
@000440,https://media.foody.vn/res/g28/277357/prof/s480x300/foody-mobile-bun-oc2-jpg-334-636144529221594486.jpg
@000441,https://media.foody.vn/res/g22/214084/prof/s480x300/foody-mobile-dua640-jpg-631-635953770711301483.jpg
@000442,https://media.foody.vn/res/g9/83452/prof/s480x300/foody-mobile-nuong-jpg-920-636155936998159273.jpg
@000443,https://media.foody.vn/res/g3/24939/prof/s480x300/foody-mobile-nom-bo-kho-ha-noi.jpg
@000444,https://media.foody.vn/res/g1/9730/prof/s480x300/foody-mobile-lan-my-mb-jpg-183-635832837280643111.jpg
@000445,https://media.foody.vn/res/g2/13016/prof/s480x300/foody-mobile-cb2-jpg-456-635738654459177684.jpg
@000446,https://media.foody.vn/res/g7/67686/prof/s480x300/foody-mobile-bbao2-jpg-189-635749009661511138.jpg
@000447,https://media.foody.vn/res/g17/169928/prof/s480x300/foody-mobile-5-jpg-389-635786852071573647.jpg
@000448,https://media.foody.vn/res/g9/83448/prof/s480x300/foody-mobile-vm2-jpg-229-635755965871692618.jpg
